,Mean Rewards,Standard deviation
0,8.666434288024902,0.34545406699180603
1,8.549263954162598,0.2922186255455017
